{
    "metrics": {
        "tplus_1": {
            "train_mae": 0.06032064241343967,
            "test_mae": 0.157464384621032,
            "train_rmse": 0.07688059695948093,
            "test_rmse": 0.177581011761813,
            "train_r2": 0.9901212915002868,
            "test_r2": 0.9603103892331828
        },
        "tplus_2": {
            "train_mae": 0.09073661429889945,
            "test_mae": 0.24317285588051366,
            "train_rmse": 0.11509793582621759,
            "test_rmse": 0.28002710991131874,
            "train_r2": 0.9780077248362209,
            "test_r2": 0.8506812811822013
        },
        "tplus_3": {
            "train_mae": 0.11442836559503895,
            "test_mae": 0.3105873381399977,
            "train_rmse": 0.1453449661094248,
            "test_rmse": 0.37871201837712376,
            "train_r2": 0.9650809295132357,
            "test_r2": 0.5784845194001818
        },
        "tplus_4": {
            "train_mae": 0.12974258273347325,
            "test_mae": 0.39310502507551626,
            "train_rmse": 0.16551251794437433,
            "test_rmse": 0.45492011763801654,
            "train_r2": 0.9548199938850152,
            "test_r2": 0.1265578502878939
        },
        "tplus_5": {
            "train_mae": 0.14379939184007215,
            "test_mae": 0.45599500778944496,
            "train_rmse": 0.18219007834655046,
            "test_rmse": 0.5382904144248685,
            "train_r2": 0.9452894615299503,
            "test_r2": -0.5181044579335077
        },
        "tplus_6": {
            "train_mae": 0.16199836975411486,
            "test_mae": 0.5420489746311519,
            "train_rmse": 0.2052473693760022,
            "test_rmse": 0.6640445036317083,
            "train_r2": 0.9305620927241862,
            "test_r2": -1.3711166021805887
        }
    },
    "feature_importances": {
        "oni_current": 0.6227394059011855,
        "month_num": 0.07052690426950438,
        "oni_lag_5": 0.05398464895684977,
        "year": 0.052678707881878575,
        "oni_roll_std_3": 0.04621868410423925,
        "oni_lag_11": 0.04409561594987364,
        "oni_lag_4": 0.026352791095843205,
        "oni_lag_3": 0.02441170147725099,
        "oni_roll_mean_6": 0.020467555159044065,
        "oni_lag_2": 0.014702304749337715,
        "oni_roll_mean_3": 0.014357447308630037,
        "oni_lag_1": 0.009464233146362784
    },
    "chart_data": {
        "periods": [
            "2016-01",
            "2016-02",
            "2016-03",
            "2016-04",
            "2016-05",
            "2016-06",
            "2016-07",
            "2016-08",
            "2016-09",
            "2016-10",
            "2016-11",
            "2016-12",
            "2017-01",
            "2017-02"
        ],
        "actuals": [
            2.0,
            1.6,
            1.1,
            0.6,
            0.1,
            -0.3,
            -0.6,
            -0.8,
            -0.8,
            -0.8,
            -0.7,
            -0.4,
            -0.1,
            0.2
        ],
        "predictions": [
            1.758799999999999,
            1.6339000000000004,
            1.3824000000000003,
            0.8009999999999999,
            0.22575000000000003,
            -0.1515,
            -0.7193666666666659,
            -0.8920137362637364,
            -0.8970915469334589,
            -0.8678228683897796,
            -0.8327078255078255,
            -0.7430719696969698,
            -0.28219343790267704,
            0.06251666666666665
        ]
    }
}